0.01;-0;-0.098;-9.753;989.651
0.02;-0;-0.098;-9.753;989.651
0.03;-0;-0.098;-9.753;989.651
0.04;-0;-0.098;-9.753;989.651
0.05;-0;-0.098;-9.753;989.651
0.06;-0;-0.098;-9.753;989.651
0.07;-0;-0.098;-9.753;989.651
0.08;-0;-0.098;-9.753;989.651
0.09;-0;-0.098;-9.753;989.651
0.1;-0;-0.098;-9.753;989.651
0.11;-0;-0.098;-9.753;989.651
0.12;-0;-0.098;-9.753;989.651
0.13;-0;-0.098;-9.753;989.651
0.14;-0;-0.098;-9.753;989.651
0.15;-0;-0.098;-9.753;989.651
0.16;-0;-0.098;-9.753;989.651
0.17;-0;-0.098;-9.753;989.651
0.18;-0;-0.096;-9.597;989.651
0.19;-0;-0.096;-9.627;989.651
0.2;-0;-0.09;-9.01;989.651
0.21;-0;-0.08;-7.976;989.651
0.22;-0;-0.067;-6.722;989.651
0.23;-0;-0.05;-4.98;989.651
0.24;-0;-0.028;-2.82;989.651
0.25;-0;-0.002;-0.245;989.651
0.26;0;0.028;2.762;989.651
0.27;0.001;0.09;6.208;989.651
0.28;0.002;0.191;10.093;989.65
0.29;0.005;0.335;14.4;989.65
0.3;0.009;0.525;19.08;989.65
0.31;0.016;0.766;24.063;989.649
0.32;0.025;1.059;29.273;989.649
0.33;0.037;1.405;34.632;989.648
0.34;0.053;1.805;40.056;989.646
0.35;0.073;2.26;45.463;989.645
0.36;0.098;2.768;50.772;989.643
0.37;0.129;3.327;55.904;989.641
0.38;0.165;3.934;60.785;989.638
0.39;0.208;4.588;65.347;989.635
0.4;0.257;5.283;69.532;989.631
0.41;0.314;6.016;73.288;989.626
0.42;0.378;6.782;76.576;989.621
0.43;0.449;7.575;79.37;989.616
0.44;0.529;8.392;81.671;989.61
0.45;0.617;9.227;83.501;989.603
0.46;0.714;10.076;84.89;989.595
0.47;0.819;10.934;85.873;989.587
0.48;0.933;11.799;86.493;989.579
0.49;1.055;12.667;86.794;989.569
0.5;1.186;13.535;86.822;989.559
0.51;1.326;14.401;86.627;989.548
0.52;1.474;15.264;86.256;989.537
0.53;1.631;16.121;85.759;989.525
0.54;1.796;16.973;85.183;989.512
0.55;1.97;17.819;84.572;989.498
0.56;2.153;18.658;83.968;989.484
0.57;2.343;19.492;83.407;989.47
0.58;2.543;20.321;82.922;989.454
0.59;2.75;21.147;82.537;989.438
0.6;2.965;21.969;82.25;989.422
0.61;3.189;22.79;82.051;989.404
0.62;3.421;23.609;81.923;989.386
0.63;3.661;24.427;81.853;989.368
0.64;3.91;25.245;81.827;989.349
0.65;4.166;26.064;81.83;989.329
0.66;4.431;26.882;81.855;989.309
0.67;4.704;27.701;81.89;989.287
0.68;4.985;28.52;81.929;989.266
0.69;5.274;29.34;81.965;989.243
0.7;5.572;30.16;81.993;989.221
0.71;5.878;30.98;82.009;989.197
0.72;6.191;31.8;82.012;989.173
0.73;6.514;32.62;82;989.148
0.74;6.844;33.439;81.973;989.122
0.75;7.182;34.259;81.933;989.096
0.76;7.529;35.077;81.882;989.069
0.77;7.884;35.896;81.822;989.042
0.78;8.247;36.713;81.757;989.014
0.79;8.618;37.53;81.689;988.985
0.805;9.19;38.754;81.572;988.941
0.828;10.083;40.586;81.452;988.872
0.861;11.499;43.329;81.289;988.763
0.911;13.767;47.383;81.093;988.588
0.961;16.237;51.427;80.894;988.397
1.011;18.909;55.461;80.702;988.191
1.061;21.783;59.486;80.507;987.969
1.111;24.858;63.501;80.311;987.732
1.161;28.133;67.507;80.12;987.479
1.211;31.608;71.504;79.931;987.211
1.261;35.283;75.491;79.741;986.927
1.311;39.157;79.469;79.551;986.628
1.361;43.23;83.437;79.358;986.314
1.411;47.5;87.396;79.162;985.984
1.461;51.969;91.345;78.962;985.639
1.511;56.635;95.284;78.758;985.279
1.561;61.497;99.212;78.547;984.904
1.611;66.556;103.13;78.332;984.514
1.661;71.81;107.037;78.114;984.108
1.711;77.259;110.934;77.891;983.687
1.761;82.903;114.819;77.664;983.252
1.811;88.741;118.692;77.435;982.801
1.861;94.772;122.554;77.205;982.336
1.911;100.996;126.405;76.983;981.855
1.961;107.412;130.245;76.767;981.36
2.011;114.02;134.075;76.564;980.85
2.061;120.819;137.894;76.364;980.325
2.111;127.809;141.704;76.171;979.786
2.161;134.99;145.504;75.989;979.232
2.211;142.36;149.295;75.801;978.663
2.261;149.919;153.077;75.613;978.079
2.311;157.667;156.849;75.433;977.481
2.361;165.603;160.612;75.241;976.869
2.411;173.728;164.366;75.041;976.242
2.461;182.04;168.109;74.833;975.6
2.511;190.539;171.841;74.615;974.944
2.561;199.224;175.563;74.383;974.274
2.611;208.095;179.272;74.137;973.589
2.661;217.151;182.968;73.871;972.89
2.711;226.391;186.651;73.586;972.177
2.761;235.815;190.319;73.292;971.449
2.811;245.423;193.973;72.992;970.708
2.861;255.212;197.611;72.683;969.952
2.911;265.184;201.233;72.355;969.183
2.961;275.335;204.839;72.029;968.399
3.011;285.667;208.428;71.711;967.602
3.061;296.178;212.002;71.395;966.79
3.111;306.867;215.561;71.099;965.965
3.161;317.734;219.105;70.817;965.127
3.211;328.777;222.635;70.554;964.274
3.261;339.997;226.152;70.297;963.408
3.311;351.392;229.657;70.041;962.163
3.361;362.962;233.149;69.779;960.899
3.411;374.707;236.627;69.515;959.616
3.461;386.625;240.092;69.228;958.314
3.511;398.716;243.542;68.912;956.993
3.561;410.979;246.975;68.579;955.653
3.611;423.413;250.391;68.213;954.295
3.661;436.017;253.789;67.837;952.918
3.711;448.791;257.167;67.452;951.522
3.761;461.734;260.526;67.065;950.108
3.811;474.843;263.865;66.686;948.676
3.861;488.12;267.187;66.345;947.225
3.911;501.562;270.492;66.028;945.756
3.961;515.169;273.782;65.725;944.27
4.011;528.94;277.057;65.428;942.765
4.061;542.874;280.316;65.119;941.243
4.111;556.971;283.56;64.796;939.703
4.161;571.23;286.787;64.445;938.145
4.211;585.649;289.996;64.064;936.569
4.261;600.229;293.185;63.654;934.976
4.311;614.967;296.353;63.233;933.366
4.361;629.864;299.5;62.804;931.739
4.411;644.917;302.625;62.373;930.094
4.461;660.126;305.729;61.973;928.432
4.511;675.489;308.814;61.618;926.754
4.561;691.007;311.883;61.299;925.058
4.611;706.677;314.936;60.984;923.346
4.661;722.5;317.973;60.658;921.617
4.711;738.474;320.993;60.305;919.872
4.761;754.599;323.994;59.901;918.11
4.811;770.873;326.974;59.446;916.332
4.861;787.296;329.93;58.963;914.538
4.911;803.866;332.861;58.471;912.728
4.961;820.582;335.768;58;910.901
5.011;837.442;338.653;57.585;909.059
5.061;854.447;341.518;57.205;907.272
5.111;871.594;344.365;56.852;905.483
5.161;888.883;347.194;56.476;903.679
5.211;906.313;350.003;56.061;901.86
5.261;923.883;352.791;55.606;900.027
5.311;941.591;355.554;55.103;898.179
5.361;959.438;358.293;54.653;896.317
5.411;977.42;361.011;54.228;894.441
5.461;995.538;363.707;53.834;892.55
5.511;1013.791;366.386;53.49;890.646
5.561;1032.176;369.048;53.182;888.727
5.611;1050.695;371.695;52.895;886.795
5.661;1069.346;374.329;52.608;884.849
5.711;1088.128;376.946;52.264;882.889
5.761;1107.04;379.546;51.879;880.916
5.811;1126.082;382.124;51.451;878.929
5.861;1145.252;384.681;51.017;876.928
5.911;1164.549;387.217;50.631;874.915
5.961;1183.973;389.736;50.297;872.888
6.011;1203.523;392.238;50.002;870.848
6.061;1223.197;394.727;49.73;868.795
6.111;1242.995;397.202;49.428;866.73
6.161;1262.917;399.66;49.08;864.651
6.211;1282.961;402.099;48.681;862.559
6.261;1303.126;404.518;48.26;860.455
6.311;1323.412;406.916;47.875;858.338
6.361;1343.817;409.297;47.548;856.227
6.411;1364.341;411.662;47.272;854.183
6.461;1384.983;414.015;47.017;852.128
6.511;1405.742;416.354;46.746;850.06
6.561;1426.618;418.679;46.417;847.981
6.611;1447.61;420.986;46.044;845.89
6.661;1468.716;423.273;45.649;843.788
6.711;1489.937;425.541;45.265;841.675
6.761;1511.27;427.79;44.933;839.55
6.811;1532.716;430.025;44.662;837.414
6.861;1554.272;432.247;44.413;835.267
6.911;1575.94;434.456;44.136;833.109
6.961;1597.718;436.651;43.835;830.94
7.011;1619.605;438.83;43.498;828.761
7.061;1641.6;440.99;43.125;826.57
7.111;1663.703;443.132;42.754;824.369
7.161;1685.913;445.256;42.413;822.157
7.211;1708.229;447.364;42.117;819.934
7.261;1730.649;449.458;41.858;817.701
7.311;1753.174;451.539;41.589;815.458
7.361;1775.803;453.607;41.305;813.204
7.411;1798.534;455.659;40.997;810.94
7.461;1821.368;457.695;40.639;808.666
7.511;1844.304;459.713;40.289;806.402
7.561;1867.339;461.714;39.967;804.213
7.611;1890.475;463.699;39.654;802.015
7.661;1913.709;465.669;39.365;799.808
7.711;1937.041;467.626;39.088;797.591
7.761;1960.471;469.568;38.831;795.365
7.811;1983.998;471.498;38.56;793.13
7.861;2007.618;473.311;36.228;790.886
7.911;2031.312;474.463;23.017;788.635
7.961;2055.046;474.862;7.987;786.381
8.011;2078.781;474.554;-6.12;784.126
8.061;2102.495;474.013;-10.754;781.873
8.111;2126.181;473.416;-11.868;779.622
8.161;2149.835;472.777;-12.689;777.375
8.211;2173.458;472.106;-13.346;775.131
8.261;2197.045;471.406;-13.913;772.89
8.311;2220.597;470.681;-14.439;770.653
8.361;2244.113;469.931;-14.958;768.419
8.411;2267.59;469.155;-15.449;766.188
8.461;2291.028;468.357;-15.891;763.962
8.511;2314.425;467.539;-16.292;761.739
8.561;2337.781;466.701;-16.656;759.52
8.611;2361.095;465.847;-17.008;757.399
8.661;2384.365;464.975;-17.369;755.291
8.711;2407.592;464.085;-17.725;753.188
8.761;2430.773;463.177;-18.078;751.088
8.811;2453.909;462.253;-18.431;748.993
8.861;2476.998;461.311;-18.771;746.902
8.911;2500.04;460.353;-19.071;744.815
8.961;2523.033;459.382;-19.334;742.733
9.011;2545.977;458.398;-19.593;740.655
9.061;2568.872;457.401;-19.848;738.581
9.111;2591.717;456.392;-20.113;736.512
9.161;2614.511;455.37;-20.364;734.448
9.211;2637.254;454.335;-20.614;732.388
9.261;2659.944;453.289;-20.849;730.333
9.311;2682.582;452.231;-21.08;728.283
9.361;2705.167;451.163;-21.288;726.237
9.411;2727.698;450.085;-21.475;724.197
9.461;2750.175;448.998;-21.656;722.161
9.511;2772.598;447.902;-21.836;720.131
9.561;2794.965;446.797;-22.016;718.105
9.611;2817.277;445.684;-22.193;716.084
9.661;2839.533;444.561;-22.371;714.068
9.711;2861.733;443.431;-22.541;712.151
9.761;2883.876;442.292;-22.707;710.241
9.811;2905.962;441.145;-22.851;708.335
9.861;2927.99;439.992;-22.976;706.434
9.911;2949.961;438.833;-23.109;704.539
9.961;2971.873;437.667;-23.236;702.648
10.011;2993.727;436.496;-23.341;700.762
10.061;3015.523;435.319;-23.439;698.882
10.111;3037.259;434.138;-23.534;697.006
10.161;3058.936;432.953;-23.643;695.136
10.211;3080.554;431.761;-23.75;693.271
10.261;3102.112;430.565;-23.855;691.411
10.311;3123.61;429.364;-23.96;689.556
10.361;3145.048;428.157;-24.065;687.706
10.411;3166.426;426.945;-24.172;685.862
10.461;3187.743;425.729;-24.225;684.023
10.511;3208.999;424.512;-24.249;682.189
10.561;3230.194;423.293;-24.284;680.36
10.611;3251.328;422.073;-24.33;678.536
10.661;3272.401;420.85;-24.385;676.718
10.711;3293.413;419.624;-24.452;674.905
10.761;3314.363;418.394;-24.531;673.098
10.811;3335.252;417.161;-24.612;671.295
10.861;3356.079;415.924;-24.672;669.565
10.911;3376.844;414.684;-24.711;667.859
10.961;3397.547;413.444;-24.715;666.159
11.011;3418.189;412.204;-24.72;664.463
11.061;3438.768;410.963;-24.748;662.773
11.111;3459.285;409.72;-24.779;661.087
11.161;3479.74;408.476;-24.825;659.407
11.211;3500.132;407.229;-24.869;657.732
11.261;3520.462;405.981;-24.908;656.062
11.311;3540.73;404.731;-24.928;654.397
11.361;3560.935;403.48;-24.926;652.737
11.411;3581.078;402.231;-24.903;651.083
11.461;3601.158;400.982;-24.884;649.433
11.511;3621.176;399.735;-24.89;647.789
11.561;3641.132;398.486;-24.92;646.149
11.611;3661.025;397.235;-24.948;644.515
11.661;3680.855;395.984;-24.97;642.886
11.711;3700.623;394.731;-24.99;641.263
11.761;3720.328;393.479;-24.989;639.644
11.811;3739.971;392.226;-24.977;638.03
11.861;3759.551;390.975;-24.945;636.422
11.911;3779.068;389.725;-24.906;634.819
11.961;3798.523;388.478;-24.87;633.221
12.011;3817.916;387.232;-24.855;631.628
12.061;3837.247;385.986;-24.844;630.04
12.111;3856.515;384.741;-24.856;628.523
12.161;3875.721;383.495;-24.843;627.022
12.211;3894.864;382.251;-24.813;625.526
12.261;3913.946;381.009;-24.781;624.034
12.311;3932.965;379.767;-24.761;622.548
12.361;3951.922;378.527;-24.748;621.066
12.411;3970.818;377.288;-24.711;619.59
12.461;3989.651;376.051;-24.678;618.118
12.511;4008.423;374.815;-24.65;616.651
12.561;4027.133;373.581;-24.616;615.189
12.611;4045.781;372.348;-24.59;613.731
12.661;4064.368;371.117;-24.555;612.278
12.711;4082.893;369.888;-24.513;610.831
12.761;4101.356;368.661;-24.478;609.388
12.811;4119.759;367.436;-24.437;607.949
12.861;4138.1;366.213;-24.392;606.516
12.911;4156.38;364.993;-24.351;605.087
12.961;4174.599;363.774;-24.301;603.664
13.011;4192.758;362.559;-24.253;602.244
13.061;4210.855;361.345;-24.222;600.83
13.111;4228.892;360.133;-24.182;599.42
13.161;4246.868;358.923;-24.133;598.015
13.211;4264.784;357.716;-24.087;596.615
13.261;4282.64;356.512;-24.028;595.22
13.311;4300.436;355.31;-23.975;593.829
13.361;4318.171;354.111;-23.91;592.443
13.411;4335.847;352.916;-23.842;591.062
13.461;4353.463;351.724;-23.778;589.737
13.511;4371.019;350.535;-23.717;588.432
13.561;4388.516;349.349;-23.665;587.132
13.611;4405.954;348.166;-23.611;585.836
13.661;4423.333;346.985;-23.554;584.545
13.711;4440.653;345.807;-23.502;583.258
13.761;4457.914;344.632;-23.455;581.975
13.811;4475.116;343.46;-23.394;580.697
13.861;4492.26;342.29;-23.321;579.423
13.911;4509.345;341.125;-23.247;578.154
13.961;4526.372;339.963;-23.184;576.889
14.011;4543.341;338.805;-23.112;575.628
14.061;4560.253;337.65;-23.037;574.371
14.111;4577.106;336.499;-22.939;573.119
14.161;4593.903;335.353;-22.862;571.871
14.211;4610.642;334.211;-22.791;570.627
14.261;4627.324;333.073;-22.709;569.388
14.311;4643.949;331.938;-22.628;568.152
14.361;4660.518;330.808;-22.538;566.921
14.411;4677.03;329.683;-22.448;565.694
14.461;4693.486;328.562;-22.356;564.471
14.511;4709.886;327.445;-22.266;563.253
14.561;4726.231;326.333;-22.166;562.038
14.611;4742.519;325.227;-22.063;560.828
14.661;4758.753;324.125;-21.98;559.622
14.711;4774.932;323.028;-21.898;558.42
14.761;4791.055;321.881;-22.881;557.222
14.811;4807.12;320.738;-22.801;556.028
14.861;4823.129;319.601;-22.694;554.838
14.911;4839.08;318.468;-22.603;553.653
14.961;4854.975;317.34;-22.501;552.528
15.011;4870.814;316.218;-22.399;551.41
15.061;4886.597;315.1;-22.296;550.295
15.111;4902.325;313.989;-22.178;549.185
15.161;4917.996;312.883;-22.049;548.079
15.211;4933.613;311.784;-21.924;546.976
15.261;4949.175;310.691;-21.8;545.878
15.311;4964.682;309.604;-21.684;544.783
15.361;4980.135;308.522;-21.595;543.692
15.411;4995.534;307.444;-21.516;542.605
15.461;5010.88;306.37;-21.43;541.522
15.511;5026.171;305.301;-21.361;540.442
15.561;5041.41;304.234;-21.286;539.367
15.611;5056.595;303.172;-21.194;538.295
15.661;5071.727;302.114;-21.115;537.226
15.711;5086.806;301.061;-21.027;536.162
15.761;5101.833;300.012;-20.934;535.101
15.811;5116.808;298.968;-20.832;534.044
15.861;5131.73;297.929;-20.719;532.99
15.911;5146.601;296.896;-20.618;531.941
15.961;5161.42;295.867;-20.52;530.895
16;5172.869;295.073;-20.442;530.086
16.05;5187.597;294.054;-20.351;529.047
16.1;5202.275;293.038;-20.266;528.01
16.15;5216.901;292.027;-20.182;526.978
16.2;5231.477;291.02;-20.094;525.949
16.25;5246.003;290.017;-20.015;524.923
16.3;5260.479;289.019;-19.937;523.902
16.35;5274.905;288.024;-19.864;522.883
16.4;5289.282;287.032;-19.79;521.868
16.45;5303.609;286.045;-19.703;520.857
16.5;5317.886;285.062;-19.612;519.849
16.55;5332.115;284.084;-19.495;518.844
16.6;5346.295;283.112;-19.384;517.866
16.65;5360.426;282.146;-19.278;516.919
16.7;5374.509;281.185;-19.176;515.975
16.75;5388.545;280.228;-19.084;515.034
16.8;5402.532;279.276;-19.016;514.097
16.85;5416.472;278.326;-18.954;513.163
16.9;5430.365;277.38;-18.898;512.232
16.95;5444.21;276.436;-18.851;511.304
17;5458.009;275.495;-18.799;510.379
17.05;5471.76;274.557;-18.72;509.457
17.1;5485.464;273.623;-18.655;508.539
17.15;5499.122;272.692;-18.577;507.624
17.2;5512.734;271.765;-18.481;506.711
17.25;5526.299;270.844;-18.38;505.802
17.3;5539.818;269.927;-18.289;504.896
17.35;5553.292;269.015;-18.197;503.993
17.4;5566.72;268.108;-18.1;503.093
17.45;5580.103;267.205;-18.013;502.196
17.5;5593.44;266.306;-17.944;501.302
17.55;5606.733;265.41;-17.889;500.411
17.6;5619.981;264.517;-17.826;499.524
17.65;5633.185;263.627;-17.77;498.639
17.7;5646.344;262.74;-17.709;497.757
17.75;5659.459;261.856;-17.661;496.878
17.8;5672.53;260.974;-17.614;496.002
17.85;5685.556;260.095;-17.562;495.129
17.9;5698.539;259.218;-17.501;494.259
17.95;5711.478;258.345;-17.437;493.391
18;5724.374;257.475;-17.365;492.527
18.05;5737.226;256.608;-17.294;491.666
18.1;5750.035;255.746;-17.212;490.807
18.15;5762.8;254.887;-17.148;489.952
18.2;5775.523;254.031;-17.058;489.099
18.25;5788.204;253.18;-16.991;488.249
18.3;5800.841;252.333;-16.916;487.402
18.35;5813.437;251.488;-16.861;486.558
18.4;5825.99;250.647;-16.783;485.717
18.45;5838.502;249.809;-16.732;484.878
18.5;5850.971;248.974;-16.672;484.08
18.55;5863.399;248.142;-16.632;483.29
18.6;5875.785;247.311;-16.589;482.503
18.65;5888.13;246.483;-16.539;481.718
18.7;5900.434;245.657;-16.489;480.936
18.75;5912.696;244.834;-16.445;480.156
18.8;5924.917;244.013;-16.397;479.379
18.85;5937.097;243.194;-16.34;478.605
18.9;5949.237;242.378;-16.295;477.833
18.95;5961.335;241.565;-16.24;477.064
19;5973.393;240.754;-16.184;476.297
19.05;5985.411;239.947;-16.118;475.533
19.1;5997.388;239.143;-16.05;474.772
19.15;6009.325;238.342;-15.992;474.013
19.2;6021.222;237.543;-15.931;473.256
19.25;6033.079;236.748;-15.876;472.502
19.3;6044.897;235.956;-15.828;471.751
19.35;6056.675;235.166;-15.767;471.002
19.4;6068.414;234.379;-15.72;470.256
19.45;6080.113;233.594;-15.664;469.512
19.5;6091.773;232.812;-15.63;468.771
19.55;6103.394;232.031;-15.596;468.032
19.6;6114.976;231.252;-15.56;467.295
19.65;6126.519;230.475;-15.519;466.562
19.7;6138.024;229.7;-15.479;465.83
19.75;6149.489;228.928;-15.426;465.101
19.8;6160.917;228.157;-15.383;464.375
19.85;6172.305;227.389;-15.335;463.651
19.9;6183.656;226.624;-15.3;462.929
19.95;6194.968;225.86;-15.252;462.21
20;6206.242;225.099;-15.184;461.493
20.05;6217.478;224.341;-15.14;460.779
20.1;6228.676;223.585;-15.086;460.067
20.15;6239.836;222.832;-15.033;459.357
20.2;6250.959;222.081;-14.991;458.65
20.25;6262.044;221.333;-14.951;457.945
20.3;6273.092;220.587;-14.899;457.243
20.35;6284.103;219.843;-14.852;456.543
20.4;6295.077;219.101;-14.81;455.845
20.45;6306.013;218.362;-14.768;455.15
20.5;6316.913;217.625;-14.728;454.457
20.55;6327.776;216.889;-14.698;453.766
20.6;6338.602;216.155;-14.659;453.078
20.65;6349.391;215.423;-14.632;452.423
20.7;6360.144;214.692;-14.591;451.775
20.75;6370.86;213.963;-14.57;451.129
20.8;6381.54;213.236;-14.531;450.485
20.85;6392.184;212.51;-14.491;449.844
20.9;6402.791;211.786;-14.457;449.205
20.95;6413.363;211.064;-14.427;448.568
21;6423.898;210.344;-14.381;447.933
21.05;6434.397;209.626;-14.342;447.3
21.1;6444.861;208.91;-14.308;446.669
21.15;6455.288;208.195;-14.264;446.041
21.2;6465.68;207.483;-14.218;445.415
21.25;6476.037;206.774;-14.173;444.79
21.3;6486.358;206.066;-14.129;444.168
21.35;6496.643;205.361;-14.093;443.549
21.4;6506.894;204.657;-14.041;442.931
21.45;6517.109;203.956;-14.005;442.315
21.5;6527.289;203.257;-13.963;441.702
21.55;6537.435;202.559;-13.932;441.09
21.6;6547.545;201.864;-13.903;440.481
21.65;6557.621;201.169;-13.886;439.874
21.7;6567.662;200.475;-13.855;439.269
21.75;6577.669;199.783;-13.834;438.666
21.8;6587.64;199.092;-13.803;438.065
21.85;6597.578;198.403;-13.778;437.466
21.9;6607.481;197.714;-13.757;436.869
21.95;6617.349;197.027;-13.733;436.274
22;6627.183;196.341;-13.704;435.681
22.05;6636.983;195.657;-13.662;435.091
22.1;6646.749;194.975;-13.628;434.502
22.15;6656.481;194.294;-13.587;433.916
22.2;6666.179;193.616;-13.544;433.331
22.25;6675.843;192.94;-13.51;432.749
22.3;6685.473;192.265;-13.469;432.169
22.35;6695.069;191.593;-13.432;431.59
22.4;6704.632;190.922;-13.397;431.014
22.45;6714.161;190.253;-13.367;430.44
22.5;6723.657;189.586;-13.324;429.867
22.55;6733.12;188.92;-13.295;429.297
22.6;6742.549;188.256;-13.264;428.729
22.65;6751.946;187.594;-13.239;428.163
22.7;6761.309;186.932;-13.224;427.598
22.75;6770.639;186.271;-13.211;427.036
22.8;6779.936;185.611;-13.188;426.476
22.85;6789.2;184.953;-13.159;425.917
22.9;6798.431;184.295;-13.138;425.361
22.95;6807.629;183.639;-13.11;424.807
23;6816.795;182.984;-13.085;424.254
23.05;6825.928;182.33;-13.073;423.704
23.1;6835.028;181.677;-13.05;423.155
23.15;6844.096;181.025;-13.026;422.622
23.2;6853.131;180.375;-12.995;422.106
23.25;6862.133;179.726;-12.959;421.592
23.3;6871.103;179.078;-12.942;421.08
23.35;6880.041;178.432;-12.914;420.57
23.4;6888.946;177.787;-12.883;420.062
23.45;6897.82;177.144;-12.849;419.555
23.5;6906.661;176.502;-12.814;419.051
23.55;6915.47;175.862;-12.781;418.548
23.6;6924.247;175.224;-12.739;418.047
23.65;6932.992;174.588;-12.705;417.548
23.7;6941.706;173.953;-12.679;417.05
23.75;6950.388;173.32;-12.654;416.555
23.8;6959.038;172.688;-12.629;416.061
23.85;6967.657;172.057;-12.607;415.569
23.9;6976.244;171.427;-12.586;415.079
23.95;6984.799;170.798;-12.567;414.591
24;6993.323;170.171;-12.551;414.104
24.05;7001.816;169.543;-12.537;413.619
24.1;7010.278;168.917;-12.518;413.136
24.15;7018.708;168.292;-12.495;412.655
24.2;7027.107;167.667;-12.471;412.176
24.25;7035.475;167.044;-12.451;411.698
24.3;7043.811;166.422;-12.433;411.222
24.35;7052.117;165.801;-12.413;410.748
24.4;7060.392;165.181;-12.395;410.276
24.45;7068.635;164.562;-12.378;409.805
24.5;7076.848;163.943;-12.354;409.336
24.55;7085.029;163.326;-12.335;408.869
24.6;7093.18;162.71;-12.312;408.404
24.65;7101.301;162.095;-12.285;407.941
24.7;7109.39;161.481;-12.264;407.479
24.75;7117.449;160.869;-12.241;407.019
24.8;7125.477;160.257;-12.218;406.561
24.85;7133.474;159.647;-12.196;406.104
24.9;7141.442;159.038;-12.164;405.649
24.95;7149.378;158.43;-12.146;405.196
25;7157.285;157.823;-12.127;404.745
25.05;7165.161;157.218;-12.097;404.295
25.1;7173.006;156.613;-12.077;403.848
25.15;7180.822;156.01;-12.054;403.401
25.2;7188.607;155.408;-12.036;402.957
25.25;7196.363;154.807;-12.014;402.514
25.3;7204.088;154.206;-11.999;402.073
25.35;7211.783;153.607;-11.983;401.634
25.4;7219.449;153.008;-11.97;401.197
25.45;7227.084;152.41;-11.949;400.761
25.5;7234.69;151.813;-11.933;400.327
25.55;7242.265;151.217;-11.919;399.894
25.6;7249.811;150.621;-11.899;399.463
25.65;7257.328;150.027;-11.886;399.034
25.7;7264.814;149.433;-11.871;398.607
25.75;7272.271;148.84;-11.846;398.181
25.8;7279.698;148.248;-11.836;397.758
25.85;7287.096;147.656;-11.82;397.335
25.9;7294.464;147.066;-11.805;396.915
25.95;7301.802;146.476;-11.783;396.496
26;7309.111;145.887;-11.761;396.079
26.05;7316.391;145.3;-11.738;395.663
26.1;7323.641;144.713;-11.726;395.249
26.15;7330.862;144.127;-11.713;394.837
26.2;7338.054;143.542;-11.69;394.427
26.25;7345.216;142.958;-11.666;394.034
26.3;7352.35;142.375;-11.648;393.648
26.35;7359.454;141.793;-11.63;393.265
26.4;7366.529;141.212;-11.612;392.882
26.45;7373.575;140.632;-11.591;392.502
26.5;7380.592;140.053;-11.571;392.123
26.55;7387.581;139.475;-11.549;391.745
26.6;7394.54;138.898;-11.54;391.369
26.65;7401.47;138.321;-11.524;390.995
26.7;7408.372;137.746;-11.506;390.622
26.75;7415.245;137.171;-11.49;390.251
26.8;7422.089;136.597;-11.475;389.881
26.85;7428.905;136.023;-11.467;389.513
26.9;7435.691;135.45;-11.452;389.146
26.95;7442.45;134.878;-11.432;388.781
27;7449.179;134.307;-11.417;388.418
27.05;7455.88;133.736;-11.405;388.056
27.1;7462.553;133.166;-11.393;387.695
27.15;7469.197;132.597;-11.383;387.336
27.2;7475.813;132.028;-11.37;386.979
27.25;7482.4;131.46;-11.358;386.623
27.3;7488.959;130.892;-11.347;386.269
27.35;7495.489;130.325;-11.333;385.916
27.4;7501.991;129.759;-11.322;385.565
27.45;7508.465;129.193;-11.306;385.215
27.5;7514.91;128.628;-11.293;384.867
27.55;7521.328;128.064;-11.277;384.52
27.6;7527.717;127.5;-11.26;384.175
27.65;7534.078;126.938;-11.248;383.832
27.7;7540.411;126.376;-11.224;383.489
27.75;7546.715;125.815;-11.203;383.149
27.8;7552.992;125.255;-11.194;382.81
27.85;7559.241;124.696;-11.178;382.472
27.9;7565.462;124.138;-11.157;382.136
27.95;7571.655;123.58;-11.14;381.802
28;7577.82;123.023;-11.134;381.469
28.05;7583.957;122.467;-11.117;381.137
28.1;7590.067;121.912;-11.1;380.807
28.15;7596.148;121.357;-11.089;380.479
28.2;7602.202;120.803;-11.085;380.152
28.25;7608.229;120.249;-11.077;379.826
28.3;7614.227;119.695;-11.057;379.502
28.35;7620.198;119.143;-11.051;379.179
28.4;7626.141;118.59;-11.036;378.858
28.45;7632.057;118.039;-11.033;378.539
28.5;7637.945;117.487;-11.026;378.221
28.55;7643.806;116.936;-11.014;377.904
28.6;7649.639;116.386;-11.004;377.589
28.65;7655.444;115.836;-10.985;377.275
28.7;7661.223;115.287;-10.972;376.963
28.75;7666.973;114.739;-10.964;376.653
28.8;7672.696;114.191;-10.961;376.344
28.85;7678.392;113.643;-10.948;376.036
28.9;7684.061;113.096;-10.945;375.73
28.95;7689.702;112.549;-10.936;375.425
29;7695.316;112.002;-10.919;375.122
29.05;7700.902;111.457;-10.9;374.82
29.1;7706.461;110.912;-10.885;374.52
29.15;7711.993;110.368;-10.867;374.221
29.2;7717.498;109.825;-10.861;373.923
29.25;7722.976;109.282;-10.847;373.628
29.3;7728.426;108.74;-10.831;373.333
29.35;7733.85;108.199;-10.816;373.04
29.4;7739.246;107.658;-10.817;372.749
29.45;7744.616;107.118;-10.807;372.459
29.5;7749.958;106.578;-10.792;372.17
29.55;7755.273;106.039;-10.78;371.883
29.6;7760.562;105.5;-10.764;371.597
29.65;7765.823;104.962;-10.747;371.313
29.7;7771.058;104.425;-10.73;371.03
29.75;7776.266;103.889;-10.717;370.749
29.8;7781.447;103.354;-10.705;370.469
29.85;7786.601;102.819;-10.691;370.191
29.9;7791.729;102.284;-10.681;369.914
29.95;7796.83;101.751;-10.67;369.638
30;7801.904;101.217;-10.664;369.364
30.05;7806.952;100.684;-10.655;369.091
30.1;7811.972;100.152;-10.644;368.82
30.15;7816.967;99.62;-10.635;368.55
30.2;7821.934;99.088;-10.634;368.282
30.25;7826.876;98.557;-10.623;368.015
30.3;7831.79;98.026;-10.623;367.749
30.35;7836.678;97.494;-10.624;367.485
30.4;7841.54;96.963;-10.617;367.227
30.45;7846.374;96.433;-10.607;366.98
30.5;7851.183;95.903;-10.597;366.735
30.55;7855.965;95.373;-10.592;366.491
30.6;7860.72;94.844;-10.584;366.248
30.65;7865.449;94.315;-10.576;366.006
30.7;7870.152;93.786;-10.567;365.766
30.75;7874.828;93.258;-10.562;365.527
30.8;7879.477;92.73;-10.555;365.29
30.85;7884.101;92.202;-10.552;365.053
30.9;7888.698;91.675;-10.542;364.819
30.95;7893.268;91.148;-10.527;364.585
31;7897.812;90.622;-10.526;364.353
31.05;7902.33;90.096;-10.51;364.122
31.1;7906.822;89.571;-10.501;363.893
31.15;7911.287;89.046;-10.491;363.665
31.2;7915.727;88.521;-10.485;363.438
31.25;7920.14;87.997;-10.474;363.213
31.3;7924.526;87.474;-10.467;362.989
31.35;7928.887;86.951;-10.458;362.766
31.4;7933.221;86.428;-10.451;362.544
31.45;7937.53;85.906;-10.44;362.324
31.5;7941.812;85.384;-10.427;362.106
31.55;7946.068;84.863;-10.419;361.888
31.6;7950.298;84.342;-10.411;361.672
31.65;7954.502;83.822;-10.397;361.457
31.7;7958.68;83.303;-10.38;361.244
31.75;7962.833;82.784;-10.37;361.032
31.8;7966.959;82.266;-10.359;360.821
31.85;7971.059;81.748;-10.349;360.612
31.9;7975.134;81.231;-10.338;360.404
31.95;7979.182;80.714;-10.332;360.197
32;7983.205;80.197;-10.328;359.991
32.05;7987.202;79.681;-10.321;359.787
32.1;7991.173;79.165;-10.318;359.584
32.15;7995.119;78.649;-10.313;359.383
32.2;7999.038;78.134;-10.307;359.183
32.25;8002.932;77.619;-10.296;358.984
32.3;8006.8;77.104;-10.286;358.786
32.35;8010.642;76.59;-10.29;358.59
32.4;8014.459;76.076;-10.285;358.395
32.45;8018.25;75.562;-10.277;358.201
32.5;8022.015;75.048;-10.276;358.009
32.55;8025.755;74.534;-10.262;357.818
32.6;8029.469;74.021;-10.25;357.628
32.65;8033.157;73.509;-10.243;357.44
32.7;8036.82;72.997;-10.235;357.253
32.75;8040.457;72.486;-10.228;357.067
32.8;8044.068;71.974;-10.218;356.883
32.85;8047.654;71.464;-10.214;356.7
32.9;8051.215;70.953;-10.217;356.518
32.95;8054.749;70.442;-10.208;356.337
33;8058.259;69.932;-10.2;356.158
33.05;8061.743;69.422;-10.194;355.98
33.1;8065.201;68.913;-10.179;355.803
33.15;8068.634;68.404;-10.178;355.628
33.2;8072.041;67.895;-10.174;355.454
33.25;8075.423;67.387;-10.168;355.281
33.3;8078.78;66.878;-10.163;355.11
33.35;8082.111;66.37;-10.159;354.94
33.4;8085.417;65.862;-10.152;354.771
33.45;8088.697;65.355;-10.147;354.603
33.5;8091.953;64.848;-10.14;354.437
33.55;8095.182;64.341;-10.139;354.272
33.6;8098.387;63.834;-10.133;354.108
33.65;8101.566;63.327;-10.129;353.946
33.7;8104.719;62.821;-10.124;353.785
33.75;8107.848;62.315;-10.122;353.625
33.8;8110.951;61.809;-10.116;353.466
33.85;8114.029;61.303;-10.107;353.309
33.9;8117.081;60.798;-10.109;353.153
33.95;8120.108;60.293;-10.102;352.999
34;8123.11;59.788;-10.099;352.845
34.05;8126.087;59.283;-10.097;352.693
34.1;8129.039;58.778;-10.095;352.543
34.15;8131.965;58.273;-10.093;352.393
34.2;8134.866;57.769;-10.085;352.245
34.25;8137.742;57.265;-10.081;352.098
34.3;8140.593;56.761;-10.076;351.952
34.35;8143.418;56.257;-10.073;351.808
34.4;8146.218;55.754;-10.065;351.665
34.45;8148.993;55.251;-10.058;351.523
34.5;8151.743;54.748;-10.056;351.383
34.55;8154.468;54.245;-10.049;351.244
34.6;8157.168;53.743;-10.045;351.106
34.65;8159.842;53.241;-10.04;350.969
34.7;8162.492;52.739;-10.036;350.834
34.75;8165.116;52.237;-10.036;350.7
34.8;8167.716;51.735;-10.029;350.567
34.85;8170.29;51.234;-10.025;350.436
34.9;8172.839;50.733;-10.02;350.305
34.95;8175.363;50.232;-10.014;350.176
35;8177.862;49.731;-10.004;350.049
35.05;8180.336;49.231;-10.002;349.922
35.1;8182.785;48.731;-9.993;349.797
35.15;8185.209;48.232;-9.993;349.674
35.2;8187.609;47.732;-9.985;349.551
35.25;8189.983;47.233;-9.981;349.43
35.3;8192.332;46.734;-9.973;349.31
35.35;8194.656;46.236;-9.967;349.191
35.4;8196.955;45.738;-9.964;349.074
35.45;8199.23;45.24;-9.955;348.957
35.5;8201.479;44.742;-9.951;348.843
35.55;8203.704;44.245;-9.943;348.729
35.6;8205.904;43.748;-9.937;348.617
35.65;8208.079;43.251;-9.927;348.505
35.7;8210.229;42.755;-9.92;348.396
35.75;8212.354;42.259;-9.912;348.287
35.8;8214.455;41.764;-9.908;348.18
35.85;8216.531;41.268;-9.9;348.074
35.9;8218.582;40.774;-9.889;347.969
35.95;8220.608;40.279;-9.881;347.865
36;8222.61;39.785;-9.876;347.763
36.05;8224.587;39.292;-9.867;347.662
36.1;8226.539;38.799;-9.855;347.563
36.15;8228.466;38.306;-9.855;347.464
36.2;8230.369;37.814;-9.847;347.367
36.25;8232.248;37.321;-9.849;347.271
36.3;8234.102;36.829;-9.843;347.176
36.35;8235.931;36.337;-9.833;347.083
36.4;8237.735;35.845;-9.83;346.991
36.45;8239.515;35.354;-9.827;346.9
36.5;8241.271;34.863;-9.819;346.81
36.55;8243.002;34.372;-9.806;346.722
36.6;8244.708;33.882;-9.802;346.635
36.65;8246.39;33.392;-9.795;346.549
36.7;8248.047;32.902;-9.79;346.464
36.75;8249.68;32.413;-9.793;346.381
36.8;8251.288;31.923;-9.784;346.298
36.85;8252.872;31.434;-9.781;346.217
36.9;8254.432;30.945;-9.777;346.138
36.95;8255.967;30.456;-9.775;346.059
37;8257.477;29.968;-9.775;345.982
37.05;8258.964;29.479;-9.775;345.906
37.1;8260.425;28.99;-9.775;345.832
37.15;8261.863;28.502;-9.772;345.758
37.2;8263.276;28.013;-9.765;345.686
37.25;8264.664;27.525;-9.758;345.615
37.3;8266.028;27.037;-9.754;345.546
37.35;8267.368;26.55;-9.75;345.477
37.4;8268.683;26.062;-9.747;345.41
37.45;8269.974;25.575;-9.744;345.344
37.5;8271.241;25.088;-9.733;345.279
37.55;8272.483;24.601;-9.732;345.216
37.6;8273.701;24.115;-9.731;345.154
37.65;8274.894;23.629;-9.724;345.093
37.7;8276.064;23.142;-9.718;345.033
37.75;8277.209;22.657;-9.719;344.974
37.8;8278.329;22.171;-9.713;344.917
37.85;8279.426;21.685;-9.706;344.861
37.9;8280.498;21.2;-9.699;344.806
37.95;8281.546;20.715;-9.689;344.753
38;8282.569;20.231;-9.683;344.701
38.05;8283.569;19.747;-9.674;344.65
38.1;8284.544;19.264;-9.673;344.6
38.15;8285.495;18.78;-9.664;344.551
38.2;8286.422;18.297;-9.66;344.504
38.25;8287.325;17.814;-9.656;344.458
38.3;8288.203;17.331;-9.654;344.413
38.35;8289.058;16.849;-9.654;344.369
38.4;8289.888;16.366;-9.646;344.327
38.45;8290.695;15.884;-9.638;344.286
38.5;8291.477;15.402;-9.631;344.246
38.55;8292.235;14.921;-9.624;344.207
38.6;8292.969;14.44;-9.624;344.169
38.65;8293.679;13.959;-9.622;344.133
38.7;8294.365;13.478;-9.621;344.098
38.75;8295.027;12.997;-9.616;344.064
38.8;8295.664;12.516;-9.611;344.032
38.85;8296.278;12.036;-9.603;344
38.9;8296.868;11.556;-9.59;343.97
38.95;8297.434;11.076;-9.585;343.941
39;8297.976;10.597;-9.581;343.914
39.05;8298.493;10.119;-9.571;343.887
39.1;8298.987;9.64;-9.571;343.862
39.15;8299.457;9.161;-9.571;343.838
39.2;8299.904;8.683;-9.566;343.815
39.25;8300.326;8.205;-9.559;343.794
39.3;8300.724;7.727;-9.55;343.773
39.35;8301.099;7.25;-9.543;343.754
39.4;8301.449;6.773;-9.536;343.736
39.45;8301.776;6.296;-9.53;343.72
39.5;8302.079;5.82;-9.523;343.704
39.55;8302.358;5.344;-9.517;343.69
39.6;8302.613;4.868;-9.51;343.677
39.65;8302.845;4.393;-9.505;343.665
39.7;8303.052;3.918;-9.5;343.654
39.75;8303.236;3.443;-9.487;343.645
39.8;8303.397;2.969;-9.483;343.637
39.85;8303.533;2.495;-9.48;343.63
39.9;8303.646;2.021;-9.474;343.624
39.95;8303.735;1.547;-9.466;343.62
40;8303.801;1.074;-9.46;343.616
40.05;8303.843;0.601;-9.455;343.614
40.1;8303.861;0.129;-9.449;343.613
40.15;8303.856;-0.344;-9.447;343.613
40.2;8303.827;-0.816;-9.441;343.615
40.204;8303.824;-0.85;-9.532;343.615
40.371;8303.548;-2.445;-9.522;343.615
40.539;8303.011;-3.965;-9.072;343.629
40.73;8302.091;-5.629;-8.68;343.657
40.945;8300.691;-7.409;-8.288;343.703
41.21;8298.456;-9.497;-7.895;343.775
41.491;8295.485;-11.604;-7.482;343.889
41.945;8289.492;-14.788;-7.012;344.041
42.401;8282.097;-17.672;-6.33;344.347
42.901;8272.559;-20.478;-5.612;344.725
43.401;8261.716;-22.896;-4.835;345.212
43.901;8249.756;-24.942;-4.092;345.766
44.401;8236.861;-26.641;-3.398;346.377
44.901;8223.197;-28.015;-2.749;347.035
45.401;8208.921;-29.087;-2.143;347.733
45.901;8194.174;-29.901;-1.628;348.462
46.401;8179.064;-30.538;-1.274;349.216
46.901;8163.677;-31.009;-0.942;349.987
47.401;8148.081;-31.377;-0.735;350.773
47.901;8132.326;-31.643;-0.532;351.57
48.401;8116.456;-31.836;-0.388;352.375
48.901;8100.504;-31.971;-0.269;353.185
49.401;8084.496;-32.064;-0.186;354
49.901;8068.448;-32.125;-0.123;354.818
50.401;8052.376;-32.164;-0.076;355.637
50.901;8036.289;-32.184;-0.041;356.458
51.401;8020.196;-32.188;-0.009;357.28
51.901;8004.103;-32.185;0.007;358.102
52.401;7988.013;-32.172;0.026;358.924
52.901;7971.931;-32.158;0.028;359.746
53.401;7955.857;-32.139;0.037;360.567
53.901;7939.792;-32.119;0.041;361.388
54.401;7923.739;-32.095;0.047;362.209
54.901;7907.697;-32.071;0.05;363.029
55.401;7891.668;-32.045;0.052;363.848
55.901;7875.653;-32.019;0.052;364.667
56.401;7859.65;-31.992;0.053;365.485
56.901;7843.661;-31.965;0.054;366.302
57.401;7827.685;-31.938;0.054;367.119
57.901;7811.723;-31.91;0.056;367.971
58.401;7795.775;-31.882;0.056;368.833
58.901;7779.841;-31.853;0.057;369.695
59.401;7763.922;-31.825;0.057;370.556
59.901;7748.016;-31.796;0.058;371.416
60.401;7732.126;-31.767;0.058;372.275
60.901;7716.249;-31.738;0.058;373.133
61.401;7700.387;-31.71;0.057;373.991
61.901;7684.539;-31.681;0.057;374.848
62.401;7668.706;-31.653;0.057;375.704
62.901;7652.886;-31.625;0.057;376.559
63.401;7637.081;-31.596;0.057;377.414
63.901;7621.29;-31.568;0.056;378.267
64.401;7605.513;-31.54;0.056;379.12
64.901;7589.75;-31.512;0.056;379.973
65.401;7574.001;-31.484;0.056;380.824
65.901;7558.266;-31.457;0.055;381.675
66.401;7542.544;-31.429;0.055;382.525
66.901;7526.837;-31.402;0.055;383.374
67.401;7511.143;-31.374;0.055;384.223
67.901;7495.462;-31.347;0.054;385.07
68.401;7479.796;-31.32;0.054;385.918
68.901;7464.143;-31.293;0.054;386.764
69.401;7448.503;-31.266;0.054;387.609
69.901;7432.877;-31.239;0.054;388.454
70.401;7417.264;-31.212;0.053;389.298
70.901;7401.664;-31.186;0.053;390.142
71.401;7386.078;-31.16;0.053;390.984
71.901;7370.504;-31.134;0.052;391.826
72.401;7354.944;-31.108;0.052;392.668
72.901;7339.397;-31.082;0.052;393.508
73.401;7323.863;-31.056;0.052;394.35
73.901;7308.341;-31.029;0.053;395.237
74.401;7292.833;-31.003;0.053;396.123
74.901;7277.339;-30.976;0.054;397.008
75.401;7261.858;-30.949;0.054;397.892
75.901;7246.39;-30.922;0.054;398.776
76.401;7230.936;-30.895;0.054;399.659
76.901;7215.495;-30.868;0.054;400.541
77.401;7200.068;-30.841;0.054;401.422
77.901;7184.654;-30.815;0.053;402.303
78.401;7169.254;-30.788;0.053;403.183
78.901;7153.866;-30.761;0.054;404.062
79.401;7138.492;-30.735;0.053;404.94
79.901;7123.132;-30.709;0.052;405.818
80.401;7107.784;-30.682;0.053;406.694
80.901;7092.449;-30.656;0.052;407.57
81.401;7077.128;-30.631;0.052;408.446
81.901;7061.819;-30.605;0.052;409.32
82.401;7046.523;-30.579;0.051;410.194
82.901;7031.24;-30.554;0.051;411.067
83.401;7015.969;-30.528;0.051;411.94
83.901;7000.712;-30.503;0.051;412.811
84.401;6985.467;-30.477;0.051;413.682
84.901;6970.234;-30.452;0.051;414.552
85.401;6955.015;-30.427;0.05;415.422
85.901;6939.807;-30.402;0.05;416.291
86.401;6924.613;-30.377;0.05;417.159
86.901;6909.43;-30.352;0.05;418.026
87.401;6894.26;-30.328;0.049;418.893
87.901;6879.103;-30.303;0.049;419.759
88.401;6863.957;-30.279;0.048;420.624
88.901;6848.824;-30.254;0.049;421.488
89.401;6833.703;-30.23;0.049;422.352
89.901;6818.594;-30.206;0.048;423.235
90.401;6803.497;-30.181;0.049;424.146
90.901;6788.413;-30.156;0.05;425.056
91.401;6773.341;-30.131;0.05;425.965
91.901;6758.282;-30.106;0.05;426.873
92.401;6743.235;-30.081;0.05;427.781
92.901;6728.201;-30.056;0.05;428.687
93.401;6713.179;-30.031;0.05;429.594
93.901;6698.17;-30.006;0.05;430.499
94.401;6683.173;-29.981;0.05;431.403
94.901;6668.189;-29.957;0.049;432.307
95.401;6653.216;-29.932;0.049;433.21
95.901;6638.257;-29.907;0.049;434.113
96.401;6623.309;-29.883;0.049;435.014
96.901;6608.374;-29.859;0.049;435.915
97.401;6593.45;-29.834;0.049;436.815
97.901;6578.539;-29.81;0.048;437.714
98.401;6563.64;-29.786;0.048;438.613
98.901;6548.753;-29.762;0.048;439.511
99.401;6533.878;-29.738;0.048;440.408
99.901;6519.015;-29.714;0.048;441.305
100.401;6504.164;-29.691;0.047;442.2
100.901;6489.325;-29.667;0.047;443.095
101.401;6474.497;-29.643;0.048;443.99
101.901;6459.682;-29.619;0.047;444.883
102.401;6444.878;-29.596;0.046;445.776
102.901;6430.085;-29.573;0.046;446.668
103.401;6415.304;-29.55;0.046;447.56
103.901;6400.535;-29.527;0.046;448.451
104.401;6385.777;-29.505;0.046;449.341
104.901;6371.031;-29.482;0.046;450.23
105.401;6356.295;-29.459;0.047;451.119
105.901;6341.572;-29.436;0.045;452.007
106.401;6326.859;-29.414;0.045;452.894
106.901;6312.158;-29.391;0.046;453.824
107.401;6297.469;-29.367;0.047;454.759
107.901;6282.791;-29.344;0.047;455.693
108.401;6268.125;-29.321;0.047;456.626
108.901;6253.47;-29.297;0.047;457.559
109.401;6238.827;-29.274;0.047;458.49
109.901;6224.196;-29.251;0.047;459.421
110.401;6209.577;-29.227;0.047;460.351
110.901;6194.969;-29.204;0.046;461.281
111.401;6180.373;-29.181;0.047;462.21
111.901;6165.788;-29.158;0.046;463.138
112.401;6151.215;-29.135;0.046;464.065
112.901;6136.653;-29.112;0.046;464.991
113.401;6122.103;-29.089;0.046;465.917
113.901;6107.564;-29.066;0.046;466.842
114.401;6093.037;-29.043;0.046;467.767
114.901;6078.521;-29.021;0.045;468.69
115.401;6064.016;-28.998;0.045;469.613
115.901;6049.522;-28.976;0.045;470.535
116.401;6035.04;-28.954;0.044;471.457
116.901;6020.569;-28.932;0.044;472.378
117.401;6006.108;-28.91;0.044;473.298
117.901;5991.659;-28.888;0.044;474.217
118.401;5977.221;-28.866;0.044;475.136
118.901;5962.793;-28.844;0.044;476.054
119.401;5948.377;-28.822;0.044;476.971
119.901;5933.971;-28.8;0.043;477.888
120.401;5919.576;-28.779;0.043;478.803
120.901;5905.192;-28.757;0.043;479.719
121.401;5890.819;-28.736;0.043;480.633
121.901;5876.456;-28.714;0.043;481.547
122.401;5862.105;-28.693;0.042;482.46
122.901;5847.763;-28.672;0.042;483.373
123.401;5833.433;-28.651;0.042;484.284
123.901;5819.112;-28.63;0.042;485.218
124.401;5804.803;-28.608;0.043;486.178
124.901;5790.504;-28.586;0.044;487.137
125.401;5776.217;-28.564;0.044;488.095
125.901;5761.94;-28.542;0.044;489.053
126.401;5747.674;-28.52;0.044;490.01
126.901;5733.42;-28.499;0.044;490.966
127.401;5719.176;-28.477;0.043;491.921
127.901;5704.943;-28.455;0.043;492.876
128.401;5690.721;-28.433;0.044;493.829
128.901;5676.509;-28.412;0.043;494.783
129.401;5662.309;-28.39;0.044;495.735
129.901;5648.12;-28.368;0.042;496.687
130.401;5633.941;-28.347;0.042;497.638
130.901;5619.772;-28.326;0.042;498.588
131.401;5605.615;-28.305;0.043;499.538
131.901;5591.468;-28.284;0.042;500.486
132.401;5577.331;-28.262;0.042;501.435
132.901;5563.205;-28.242;0.042;502.382
133.401;5549.09;-28.221;0.042;503.329
133.901;5534.984;-28.2;0.041;504.275
134.401;5520.89;-28.179;0.042;505.22
134.901;5506.805;-28.158;0.041;506.165
135.401;5492.731;-28.138;0.041;507.109
135.901;5478.667;-28.117;0.041;508.052
136.401;5464.614;-28.097;0.041;508.994
136.901;5450.571;-28.077;0.041;509.936
137.401;5436.537;-28.056;0.04;510.877
137.901;5422.514;-28.036;0.04;511.818
138.401;5408.501;-28.016;0.04;512.758
138.901;5394.498;-27.996;0.04;513.697
139.401;5380.505;-27.976;0.04;514.635
139.901;5366.522;-27.956;0.04;515.573
140.401;5352.549;-27.936;0.04;516.51
140.901;5338.585;-27.917;0.039;517.447
141.401;5324.632;-27.897;0.04;518.388
141.901;5310.689;-27.876;0.041;519.373
142.401;5296.756;-27.856;0.041;520.357
142.901;5282.833;-27.835;0.04;521.341
143.401;5268.921;-27.815;0.041;522.323
143.901;5255.018;-27.795;0.041;523.306
144.401;5241.126;-27.774;0.041;524.287
144.901;5227.244;-27.754;0.041;525.268
145.401;5213.372;-27.733;0.041;526.248
145.901;5199.51;-27.713;0.041;527.227
146.401;5185.659;-27.693;0.04;528.206
146.901;5171.817;-27.673;0.04;529.183
147.401;5157.986;-27.652;0.041;530.161
147.901;5144.165;-27.632;0.04;531.137
148.401;5130.354;-27.613;0.04;532.113
148.901;5116.552;-27.593;0.04;533.088
149.401;5102.761;-27.573;0.04;534.062
149.901;5088.979;-27.553;0.039;535.036
150.401;5075.208;-27.533;0.039;536.008
150.901;5061.446;-27.514;0.039;536.981
151.401;5047.694;-27.494;0.039;537.952
151.901;5033.952;-27.475;0.039;538.923
152.401;5020.219;-27.456;0.039;539.893
152.901;5006.496;-27.436;0.039;540.862
153.401;4992.783;-27.417;0.039;541.831
153.901;4979.079;-27.398;0.038;542.799
154.401;4965.385;-27.378;0.039;543.767
154.901;4951.701;-27.359;0.037;544.733
155.401;4938.026;-27.34;0.038;545.699
155.901;4924.361;-27.321;0.038;546.665
156.401;4910.705;-27.303;0.038;547.63
156.901;4897.058;-27.284;0.037;548.594
157.401;4883.421;-27.265;0.038;549.557
157.901;4869.793;-27.246;0.038;550.52
158.401;4856.175;-27.228;0.036;551.482
158.901;4842.566;-27.209;0.038;552.443
159.401;4828.966;-27.19;0.037;553.404
159.901;4815.375;-27.172;0.037;554.405
160.401;4801.794;-27.153;0.038;555.415
160.901;4788.223;-27.134;0.038;556.424
161.401;4774.66;-27.115;0.038;557.432
161.901;4761.108;-27.096;0.038;558.44
162.401;4747.565;-27.076;0.039;559.447
162.901;4734.031;-27.057;0.038;560.453
163.401;4720.507;-27.038;0.038;561.459
163.901;4706.993;-27.019;0.038;562.464
164.401;4693.488;-27;0.038;563.468
164.901;4679.993;-26.981;0.038;564.471
165.401;4666.507;-26.963;0.037;565.474
165.901;4653.03;-26.944;0.037;566.476
166.401;4639.563;-26.925;0.038;567.477
166.901;4626.105;-26.907;0.037;568.478
167.401;4612.656;-26.887;0.038;569.478
167.901;4599.217;-26.869;0.037;570.477
168.401;4585.787;-26.851;0.037;571.476
168.901;4572.367;-26.832;0.037;572.474
169.401;4558.955;-26.814;0.036;573.471
169.901;4545.552;-26.796;0.036;574.468
170.401;4532.159;-26.778;0.036;575.464
170.901;4518.775;-26.76;0.036;576.459
171.401;4505.399;-26.742;0.036;577.453
171.901;4492.033;-26.724;0.036;578.447
172.401;4478.676;-26.706;0.036;579.44
172.901;4465.327;-26.687;0.037;580.433
173.401;4451.988;-26.67;0.035;581.425
173.901;4438.658;-26.652;0.035;582.416
174.401;4425.336;-26.634;0.035;583.406
174.901;4412.023;-26.617;0.036;584.396
175.401;4398.72;-26.599;0.036;585.385
175.901;4385.425;-26.581;0.035;586.374
176.401;4372.138;-26.564;0.035;587.362
176.901;4358.861;-26.546;0.035;588.349
177.401;4345.592;-26.529;0.035;589.336
177.901;4332.332;-26.512;0.034;590.321
178.401;4319.08;-26.494;0.035;591.336
178.901;4305.837;-26.477;0.035;592.372
179.401;4292.603;-26.459;0.036;593.407
179.901;4279.378;-26.441;0.036;594.441
180.401;4266.163;-26.423;0.036;595.475
180.901;4252.956;-26.405;0.036;596.508
181.401;4239.758;-26.387;0.036;597.54
181.901;4226.569;-26.369;0.036;598.571
182.401;4213.389;-26.351;0.035;599.602
182.901;4200.218;-26.333;0.036;600.632
183.401;4187.056;-26.315;0.036;601.661
183.901;4173.902;-26.298;0.035;602.69
184.401;4160.758;-26.28;0.035;603.718
184.901;4147.622;-26.263;0.035;604.745
185.401;4134.495;-26.245;0.035;605.772
185.901;4121.377;-26.228;0.035;606.798
186.401;4108.268;-26.21;0.035;607.823
186.901;4095.167;-26.193;0.035;608.848
187.401;4082.075;-26.175;0.035;609.871
187.901;4068.992;-26.158;0.035;610.895
188.401;4055.917;-26.141;0.034;611.917
188.901;4042.851;-26.124;0.034;612.939
189.401;4029.793;-26.107;0.034;613.96
189.901;4016.744;-26.09;0.034;614.981
190.401;4003.704;-26.073;0.034;616
190.901;3990.671;-26.056;0.033;617.02
191.401;3977.647;-26.039;0.033;618.038
191.901;3964.632;-26.023;0.033;619.056
192.401;3951.625;-26.006;0.033;620.073
192.901;3938.626;-25.989;0.033;621.09
193.401;3925.635;-25.973;0.033;622.106
193.901;3912.653;-25.956;0.033;623.121
194.401;3899.679;-25.94;0.033;624.135
194.901;3886.714;-25.923;0.033;625.149
195.401;3873.756;-25.907;0.033;626.163
195.901;3860.807;-25.89;0.034;627.175
196.401;3847.866;-25.873;0.033;628.187
196.901;3834.933;-25.858;0.032;629.199
197.401;3822.009;-25.841;0.032;630.23
197.901;3809.092;-25.824;0.034;631.291
198.401;3796.184;-25.808;0.034;632.352
198.901;3783.284;-25.791;0.034;633.413
199.401;3770.393;-25.774;0.033;634.472
199.901;3757.51;-25.757;0.034;635.531
200.401;3744.636;-25.741;0.033;636.59
200.901;3731.77;-25.724;0.034;637.647
201.401;3718.912;-25.707;0.033;638.704
201.901;3706.062;-25.69;0.033;639.76
202.401;3693.221;-25.674;0.033;640.816
202.901;3680.389;-25.657;0.033;641.871
203.401;3667.564;-25.641;0.033;642.925
203.901;3654.748;-25.624;0.033;643.978
204.401;3641.94;-25.608;0.033;645.031
204.901;3629.14;-25.591;0.033;646.083
205.401;3616.349;-25.575;0.033;647.134
205.901;3603.565;-25.559;0.033;648.185
206.401;3590.79;-25.542;0.033;649.235
206.901;3578.023;-25.526;0.033;650.285
207.401;3565.264;-25.51;0.033;651.333
207.901;3552.513;-25.494;0.032;652.382
208.401;3539.77;-25.478;0.032;653.429
208.901;3527.035;-25.462;0.032;654.476
209.401;3514.308;-25.446;0.032;655.522
209.901;3501.589;-25.43;0.031;656.567
210.401;3488.878;-25.414;0.032;657.612
210.901;3476.175;-25.398;0.032;658.656
211.401;3463.48;-25.383;0.031;659.7
211.901;3450.793;-25.367;0.031;660.743
212.401;3438.113;-25.351;0.031;661.785
212.901;3425.441;-25.336;0.031;662.826
213.401;3412.777;-25.32;0.031;663.867
213.901;3400.121;-25.305;0.031;664.908
214.401;3387.472;-25.289;0.031;665.947
214.901;3374.831;-25.274;0.031;666.986
215.401;3362.198;-25.259;0.031;668.025
215.901;3349.573;-25.243;0.03;669.062
216.401;3336.955;-25.227;0.032;670.099
216.901;3324.345;-25.212;0.03;671.148
217.401;3311.743;-25.197;0.031;672.236
217.901;3299.148;-25.181;0.032;673.324
218.401;3286.562;-25.165;0.032;674.41
218.901;3273.983;-25.149;0.032;675.496
219.401;3261.412;-25.134;0.031;676.582
219.901;3248.849;-25.118;0.031;677.666
220.401;3236.294;-25.102;0.031;678.75
220.901;3223.747;-25.087;0.031;679.834
221.401;3211.207;-25.071;0.032;680.916
221.901;3198.676;-25.055;0.031;681.998
222.401;3186.152;-25.04;0.031;683.079
222.901;3173.636;-25.024;0.031;684.16
223.401;3161.128;-25.009;0.031;685.24
223.901;3148.628;-24.993;0.031;686.319
224.401;3136.135;-24.977;0.032;687.398
224.901;3123.65;-24.962;0.031;688.475
225.401;3111.173;-24.947;0.031;689.553
225.901;3098.703;-24.932;0.03;690.629
226.401;3086.241;-24.916;0.03;691.705
226.901;3073.787;-24.901;0.031;692.78
227.401;3061.34;-24.886;0.031;693.855
227.901;3048.901;-24.871;0.03;694.929
228.401;3036.469;-24.856;0.03;696.002
228.901;3024.045;-24.841;0.03;697.075
229.401;3011.628;-24.826;0.03;698.147
229.901;2999.219;-24.811;0.03;699.218
230.401;2986.817;-24.796;0.03;700.289
230.901;2974.423;-24.781;0.03;701.359
231.401;2962.036;-24.767;0.029;702.428
231.901;2949.656;-24.752;0.029;703.497
232.401;2937.284;-24.737;0.03;704.565
232.901;2924.919;-24.723;0.029;705.632
233.401;2912.561;-24.708;0.029;706.699
233.901;2900.211;-24.694;0.029;707.766
234.401;2887.868;-24.679;0.029;708.831
234.901;2875.532;-24.665;0.029;709.896
235.401;2863.203;-24.65;0.029;710.96
235.901;2850.881;-24.635;0.03;712.024
236.401;2838.567;-24.621;0.028;713.087
236.901;2826.26;-24.607;0.029;714.156
237.401;2813.96;-24.593;0.029;715.271
237.901;2801.668;-24.578;0.029;716.384
238.401;2789.383;-24.563;0.031;717.498
238.901;2777.105;-24.548;0.029;718.61
239.401;2764.835;-24.533;0.03;719.722
239.901;2752.572;-24.518;0.029;720.834
240.401;2740.316;-24.504;0.03;721.944
240.901;2728.068;-24.489;0.03;723.054
241.401;2715.828;-24.473;0.031;724.163
241.901;2703.595;-24.459;0.029;725.272
242.401;2691.369;-24.443;0.031;726.38
242.901;2679.151;-24.429;0.028;727.487
243.401;2666.94;-24.415;0.028;728.594
243.901;2654.737;-24.4;0.029;729.699
244.401;2642.54;-24.386;0.029;730.805
244.901;2630.35;-24.372;0.029;731.909
245.401;2618.168;-24.357;0.029;733.013
245.901;2605.993;-24.343;0.029;734.117
246.401;2593.825;-24.329;0.029;735.219
246.901;2581.664;-24.314;0.028;736.321
247.401;2569.511;-24.299;0.03;737.423
247.901;2557.365;-24.286;0.028;738.523
248.401;2545.225;-24.272;0.028;739.623
248.901;2533.093;-24.258;0.028;740.723
249.401;2520.968;-24.243;0.028;741.821
249.901;2508.85;-24.229;0.029;742.92
250.401;2496.739;-24.215;0.028;744.017
250.901;2484.635;-24.201;0.027;745.114
251.401;2472.538;-24.187;0.027;746.21
251.901;2460.448;-24.174;0.027;747.306
252.401;2448.364;-24.16;0.028;748.401
252.901;2436.288;-24.146;0.028;749.495
253.401;2424.218;-24.132;0.027;750.589
253.901;2412.156;-24.118;0.028;751.682
254.401;2400.1;-24.105;0.027;752.774
254.901;2388.051;-24.091;0.027;753.866
255.401;2376.008;-24.078;0.027;754.957
255.901;2363.973;-24.064;0.027;756.048
256.401;2351.944;-24.051;0.027;757.138
256.901;2339.922;-24.037;0.027;758.227
257.401;2327.907;-24.024;0.027;759.316
257.901;2315.899;-24.01;0.027;760.458
258.401;2303.897;-23.996;0.028;761.599
258.901;2291.902;-23.982;0.028;762.739
259.401;2279.915;-23.968;0.028;763.878
259.901;2267.934;-23.954;0.028;765.017
260.401;2255.96;-23.94;0.028;766.156
260.901;2243.994;-23.925;0.029;767.293
261.401;2232.035;-23.912;0.028;768.43
261.901;2220.082;-23.898;0.027;769.566
262.401;2208.137;-23.884;0.029;770.702
262.901;2196.198;-23.87;0.027;771.836
263.401;2184.267;-23.857;0.027;772.971
263.901;2172.342;-23.843;0.027;774.104
264.401;2160.424;-23.83;0.027;775.237
264.901;2148.512;-23.816;0.027;776.369
265.401;2136.608;-23.802;0.027;777.501
265.901;2124.71;-23.789;0.027;778.632
266.401;2112.819;-23.775;0.028;779.762
266.901;2100.935;-23.761;0.027;780.892
267.401;2089.058;-23.748;0.027;782.021
267.901;2077.187;-23.734;0.027;783.149
268.401;2065.323;-23.721;0.027;784.277
268.901;2053.466;-23.708;0.027;785.404
269.401;2041.615;-23.695;0.026;786.531
269.901;2029.771;-23.681;0.026;787.656
270.401;2017.934;-23.668;0.026;788.782
270.901;2006.103;-23.655;0.027;789.906
271.401;1994.279;-23.642;0.026;791.03
271.901;1982.461;-23.629;0.026;792.154
272.401;1970.65;-23.616;0.026;793.276
272.901;1958.845;-23.603;0.026;794.398
273.401;1947.047;-23.59;0.026;795.52
273.901;1935.256;-23.577;0.026;796.641
274.401;1923.47;-23.564;0.026;797.761
274.901;1911.692;-23.551;0.026;798.88
275.401;1899.92;-23.538;0.026;799.999
275.901;1888.154;-23.525;0.026;801.118
276.401;1876.395;-23.512;0.026;802.236
276.901;1864.642;-23.5;0.025;803.353
277.401;1852.895;-23.487;0.025;804.469
277.901;1841.155;-23.474;0.025;805.585
278.401;1829.421;-23.462;0.025;806.701
278.901;1817.693;-23.449;0.026;807.864
279.401;1805.972;-23.435;0.027;809.032
279.901;1794.258;-23.422;0.027;810.199
280.401;1782.55;-23.409;0.026;811.366
280.901;1770.849;-23.396;0.026;812.532
281.401;1759.155;-23.383;0.026;813.697
281.901;1747.466;-23.37;0.026;814.862
282.401;1735.785;-23.356;0.026;816.026
282.901;1724.11;-23.343;0.028;817.19
283.401;1712.442;-23.33;0.026;818.352
283.901;1700.781;-23.317;0.025;819.514
284.401;1689.125;-23.304;0.025;820.676
284.901;1677.476;-23.292;0.026;821.837
285.401;1665.834;-23.279;0.026;822.997
285.901;1654.198;-23.265;0.026;824.156
286.401;1642.568;-23.253;0.025;825.315
286.901;1630.945;-23.24;0.025;826.473
287.401;1619.328;-23.227;0.025;827.631
287.901;1607.718;-23.215;0.025;828.788
288.401;1596.114;-23.202;0.025;829.944
288.901;1584.516;-23.189;0.025;831.1
289.401;1572.924;-23.176;0.026;832.255
289.901;1561.339;-23.164;0.025;833.41
290.401;1549.76;-23.151;0.025;834.563
290.901;1538.188;-23.139;0.025;835.717
291.401;1526.621;-23.127;0.025;836.869
291.901;1515.061;-23.114;0.025;838.021
292.401;1503.507;-23.101;0.025;839.172
292.901;1491.96;-23.089;0.024;840.323
293.401;1480.418;-23.077;0.024;841.473
293.901;1468.883;-23.064;0.025;842.623
294.401;1457.354;-23.052;0.024;843.772
294.901;1445.831;-23.04;0.025;844.92
295.401;1434.314;-23.028;0.024;846.067
295.901;1422.803;-23.016;0.024;847.214
296.401;1411.298;-23.004;0.024;848.361
296.901;1399.799;-22.992;0.024;849.507
297.401;1388.306;-22.979;0.025;850.652
297.901;1376.82;-22.967;0.024;851.797
298.401;1365.339;-22.955;0.024;852.941
298.901;1353.864;-22.943;0.024;854.084
299.401;1342.395;-22.932;0.024;855.227
299.901;1330.933;-22.92;0.024;856.369
300.401;1319.476;-22.908;0.024;857.554
300.901;1308.025;-22.895;0.025;858.749
301.401;1296.58;-22.883;0.025;859.944
301.901;1285.142;-22.871;0.025;861.138
302.401;1273.71;-22.858;0.025;862.332
302.901;1262.284;-22.845;0.026;863.525
303.401;1250.865;-22.833;0.025;864.717
303.901;1239.451;-22.821;0.025;865.908
304.401;1228.044;-22.808;0.024;867.099
304.901;1216.643;-22.796;0.024;868.29
305.401;1205.248;-22.784;0.024;869.479
305.901;1193.859;-22.772;0.024;870.668
306.401;1182.476;-22.76;0.024;871.857
306.901;1171.099;-22.747;0.024;873.044
307.401;1159.729;-22.735;0.024;874.231
307.901;1148.364;-22.723;0.024;875.418
308.401;1137.005;-22.711;0.024;876.604
308.901;1125.653;-22.699;0.024;877.789
309.401;1114.306;-22.687;0.024;878.974
309.901;1102.966;-22.675;0.024;880.158
310.401;1091.631;-22.663;0.024;881.341
310.901;1080.303;-22.651;0.024;882.524
311.401;1068.98;-22.639;0.024;883.706
311.901;1057.663;-22.627;0.023;884.887
312.401;1046.353;-22.616;0.024;886.068
312.901;1035.048;-22.604;0.023;887.248
313.401;1023.749;-22.592;0.023;888.428
313.901;1012.456;-22.58;0.024;889.607
314.401;1001.169;-22.568;0.023;890.785
314.901;989.887;-22.557;0.023;891.963
315.401;978.612;-22.545;0.023;893.14
315.901;967.342;-22.534;0.023;894.316
316.401;956.078;-22.522;0.023;895.492
316.901;944.82;-22.51;0.024;896.668
317.401;933.568;-22.499;0.023;897.842
317.901;922.321;-22.487;0.022;899.017
318.401;911.08;-22.476;0.023;900.19
318.901;899.845;-22.465;0.022;901.363
319.401;888.616;-22.453;0.024;902.535
319.901;877.392;-22.442;0.022;903.707
320.401;866.174;-22.431;0.022;904.878
320.901;854.962;-22.419;0.024;906.049
321.401;843.755;-22.408;0.022;907.219
321.901;832.554;-22.397;0.022;908.388
322.401;821.358;-22.386;0.023;909.593
322.901;810.168;-22.374;0.023;910.817
323.401;798.984;-22.362;0.024;912.039
323.901;787.806;-22.351;0.023;913.261
324.401;776.634;-22.339;0.023;914.482
324.901;765.467;-22.327;0.025;915.703
325.401;754.307;-22.315;0.023;916.923
325.901;743.152;-22.303;0.023;918.142
326.401;732.003;-22.292;0.023;919.361
326.901;720.86;-22.28;0.023;920.579
327.401;709.723;-22.269;0.023;921.797
327.901;698.591;-22.257;0.023;923.013
328.401;687.465;-22.246;0.023;924.23
328.901;676.345;-22.234;0.023;925.445
329.401;665.231;-22.223;0.023;926.66
329.901;654.122;-22.212;0.023;927.874
330.401;643.019;-22.2;0.023;929.088
330.901;631.922;-22.189;0.023;930.301
331.401;620.83;-22.178;0.023;931.514
331.901;609.744;-22.167;0.023;932.726
332.401;598.663;-22.155;0.024;933.937
332.901;587.589;-22.144;0.022;935.147
333.401;576.52;-22.133;0.022;936.357
333.901;565.456;-22.122;0.022;937.567
334.401;554.398;-22.11;0.022;938.776
334.901;543.346;-22.099;0.022;939.984
335.401;532.299;-22.088;0.022;941.191
335.901;521.257;-22.077;0.022;942.398
336.401;510.221;-22.066;0.022;943.605
336.901;499.191;-22.055;0.022;944.81
337.401;488.166;-22.044;0.022;946.015
337.901;477.147;-22.033;0.022;947.22
338.401;466.133;-22.022;0.022;948.424
338.901;455.125;-22.011;0.022;949.627
339.401;444.122;-22;0.022;950.83
339.901;433.125;-21.989;0.022;952.032
339.906;433.009;-21.489;94.12;953.234
339.907;432.985;-21.388;89.448;953.246
339.909;432.959;-21.28;88.511;953.249
339.91;432.933;-21.172;87.527;953.252
339.911;432.906;-21.064;86.543;953.255
339.912;432.88;-20.955;85.56;953.257
339.914;432.853;-20.846;84.577;953.26
339.915;432.825;-20.736;83.594;953.263
339.916;432.798;-20.625;82.611;953.266
339.918;432.77;-20.514;81.628;953.269
339.919;432.741;-20.403;80.646;953.272
339.92;432.713;-20.29;79.664;953.275
339.922;432.684;-20.177;78.682;953.279
339.923;432.654;-20.064;77.7;953.282
339.925;432.624;-19.95;76.719;953.285
339.926;432.594;-19.835;75.737;953.288
339.928;432.564;-19.72;74.756;953.292
339.929;432.533;-19.604;73.775;953.295
339.931;432.501;-19.487;72.794;953.298
339.933;432.47;-19.37;71.814;953.302
339.934;432.437;-19.251;70.834;953.305
339.936;432.405;-19.133;69.854;953.309
339.938;432.372;-19.013;68.874;953.312
339.94;432.338;-18.893;67.895;953.316
339.941;432.304;-18.772;66.916;953.319
339.943;432.27;-18.65;65.937;953.323
339.945;432.235;-18.528;64.958;953.327
339.947;432.199;-18.405;63.98;953.331
339.949;432.163;-18.281;63.002;953.335
339.951;432.126;-18.156;62.024;953.339
339.953;432.089;-18.03;61.047;953.343
339.955;432.051;-17.904;60.07;953.347
339.957;432.013;-17.776;59.093;953.351
339.96;431.974;-17.648;58.116;953.355
339.962;431.934;-17.519;57.139;953.359
339.964;431.893;-17.389;56.163;953.364
339.966;431.852;-17.258;55.188;953.368
339.969;431.81;-17.126;54.213;953.373
339.971;431.768;-16.993;53.238;953.377
339.974;431.725;-16.859;52.263;953.382
339.977;431.68;-16.724;51.289;953.387
339.979;431.635;-16.588;50.316;953.391
339.982;431.589;-16.451;49.343;953.396
339.985;431.543;-16.313;48.37;953.401
339.988;431.495;-16.174;47.398;953.406
339.991;431.446;-16.034;46.426;953.412
339.994;431.397;-15.892;45.455;953.417
339.997;431.346;-15.749;44.485;953.422
340.001;431.294;-15.606;43.515;953.428
340.004;431.241;-15.46;42.546;953.434
340.007;431.187;-15.314;41.577;953.439
340.011;431.132;-15.167;40.609;953.445
340.015;431.075;-15.018;39.643;953.451
340.019;431.017;-14.868;38.677;953.457
340.023;430.957;-14.716;37.712;953.464
340.027;430.896;-14.563;36.747;953.47
340.031;430.834;-14.408;35.784;953.477
340.036;430.77;-14.252;34.821;953.484
340.04;430.704;-14.094;33.859;953.491
340.045;430.636;-13.935;32.898;953.498
340.05;430.566;-13.774;31.938;953.505
340.056;430.494;-13.611;30.979;953.513
340.061;430.42;-13.447;30.022;953.521
340.067;430.343;-13.28;29.065;953.529
340.073;430.264;-13.112;28.11;953.537
340.079;430.183;-12.942;27.156;953.546
340.086;430.098;-12.769;26.204;953.555
340.092;430.011;-12.595;25.253;953.564
340.1;429.92;-12.419;24.303;953.574
340.107;429.825;-12.24;23.355;953.584
340.115;429.727;-12.059;22.408;953.594
340.124;429.625;-11.876;21.463;953.605
340.133;429.519;-11.691;20.521;953.616
340.143;429.407;-11.503;19.581;953.628
340.153;429.291;-11.312;18.643;953.64
340.164;429.168;-11.118;17.708;953.652
340.175;429.039;-10.922;16.776;953.666
340.188;428.903;-10.722;15.846;953.68
340.202;428.759;-10.52;14.919;953.695
340.216;428.606;-10.315;13.996;953.711
340.232;428.443;-10.106;13.077;953.727
340.25;428.269;-9.894;12.161;953.745
340.269;428.081;-9.678;11.25;953.764
340.29;427.879;-9.46;10.345;953.785
340.313;427.659;-9.238;9.446;953.807
340.34;427.419;-9.013;8.553;953.831
340.369;427.155;-8.785;7.669;953.857
340.403;426.862;-8.555;6.797;953.886
340.442;426.532;-8.323;5.939;953.918
340.489;426.153;-8.088;5.096;953.954
340.544;425.711;-7.851;4.267;953.995
340.612;425.188;-7.618;3.457;954.044
340.698;424.54;-7.386;2.68;954.101
340.811;423.715;-7.167;1.935;954.172
340.952;422.723;-6.992;1.249;954.262
341.209;420.943;-6.806;0.72;954.37
341.674;417.798;-6.728;0.169;954.564
342.174;414.429;-6.749;-0.044;954.908
342.574;411.734;-6.737;0.03;955.276
343.074;408.362;-6.75;-0.025;955.571
343.574;404.989;-6.743;0.014;955.939
344.074;401.617;-6.743;-0.001;956.308
344.574;398.246;-6.742;0.004;956.676
345.074;394.875;-6.742;0;957.044
345.574;391.504;-6.741;0.001;957.413
346.074;388.134;-6.74;0.003;957.781
346.574;384.767;-6.73;0.019;958.149
347.053;381.538;-6.737;-0.013;958.517
347.553;378.17;-6.738;-0.002;958.87
348.053;374.802;-6.734;0.008;959.238
348.553;371.436;-6.731;0.005;959.606
349.053;368.069;-6.736;-0.009;959.973
349.553;364.702;-6.732;0.008;960.341
350.053;361.336;-6.731;0.001;960.709
350.553;357.971;-6.731;0;961.077
351.053;354.608;-6.721;0.019;961.445
351.469;351.815;-6.723;-0.005;961.812
351.969;348.452;-6.731;-0.015;962.117
352.469;345.088;-6.726;0.01;962.485
352.969;341.725;-6.726;-0.001;962.852
353.469;338.362;-6.725;0.002;963.22
353.969;335;-6.723;0.004;963.534
354.469;331.638;-6.724;-0.002;963.794
354.969;328.276;-6.722;0.005;964.053
355.469;324.915;-6.723;-0.001;964.313
355.969;321.556;-6.714;0.019;964.572
356.469;318.197;-6.724;-0.02;964.832
356.969;314.842;-6.696;0.054;965.091
357.289;312.696;-6.712;-0.049;965.35
357.789;309.338;-6.721;-0.017;965.515
358.289;305.979;-6.717;0.007;965.775
358.789;302.62;-6.717;0.001;966.034
359.289;299.262;-6.717;0;966.293
359.789;295.903;-6.716;0.001;966.552
360.289;292.545;-6.716;0.001;966.812
360.789;289.188;-6.715;0.002;967.071
361.289;285.832;-6.709;0.012;967.33
361.789;282.476;-6.715;-0.012;967.589
362.289;279.119;-6.712;0.004;967.848
362.789;275.764;-6.71;0.004;968.107
363.289;272.409;-6.709;0.002;968.366
363.789;269.054;-6.712;-0.005;968.625
364.289;265.699;-6.709;0.005;968.884
364.789;262.344;-6.71;-0.001;969.143
365.289;258.992;-6.698;0.024;969.402
365.789;255.639;-6.712;-0.029;969.661
366.289;252.285;-6.705;0.014;969.919
366.789;248.932;-6.707;-0.004;970.178
367.289;245.584;-6.683;0.048;970.437
367.653;243.144;-6.703;-0.055;970.695
368.153;239.792;-6.705;-0.004;970.884
368.653;236.44;-6.702;0.007;971.142
369.153;233.089;-6.704;-0.004;971.401
369.653;229.737;-6.701;0.006;971.66
370.153;226.387;-6.701;-0;971.919
370.653;223.036;-6.701;-0;972.177
371.153;219.687;-6.697;0.009;972.436
371.653;216.339;-6.695;0.003;972.694
372.153;212.99;-6.701;-0.011;972.953
372.653;209.64;-6.697;0.007;973.211
373.153;206.292;-6.697;0.001;973.47
373.653;202.944;-6.694;0.006;973.728
374.15;199.621;-6.687;0.014;973.987
374.65;196.274;-6.7;-0.025;974.243
375.15;192.926;-6.693;0.014;974.501
375.65;189.579;-6.694;-0.001;974.76
376.15;186.234;-6.689;0.009;975.018
376.65;182.888;-6.695;-0.011;975.276
377.15;179.541;-6.689;0.011;975.535
377.551;176.86;-6.672;0.043;975.793
378.014;173.765;-6.697;-0.054;976
378.514;170.419;-6.686;0.022;976.239
379.014;167.076;-6.688;-0.004;976.497
379.514;163.731;-6.689;-0.002;976.755
380.014;160.387;-6.687;0.004;977.013
380.514;157.044;-6.687;0.001;977.271
381.014;153.701;-6.683;0.007;977.529
381.514;150.359;-6.687;-0.008;977.787
382.014;147.016;-6.682;0.01;978.045
382.514;143.674;-6.686;-0.007;978.303
383.014;140.332;-6.684;0.004;978.561
383.514;136.99;-6.683;0;978.819
384.014;133.65;-6.678;0.012;979.077
384.514;130.31;-6.684;-0.012;979.335
385.014;126.969;-6.68;0.007;979.593
385.514;123.628;-6.681;-0;979.851
386.014;120.288;-6.679;0.004;980.108
386.514;116.949;-6.68;-0.002;980.366
387.014;113.61;-6.675;0.009;980.624
387.514;110.274;-6.671;0.008;980.882
388.014;106.936;-6.679;-0.016;981.139
388.514;103.6;-6.664;0.03;981.397
388.998;100.372;-6.678;-0.027;981.654
389.498;97.034;-6.674;0.007;981.903
389.998;93.698;-6.672;0.005;982.161
390.498;90.361;-6.674;-0.004;982.419
390.998;87.024;-6.673;0.002;982.676
391.498;83.688;-6.67;0.005;982.934
391.998;80.353;-6.672;-0.003;983.191
392.498;77.017;-6.671;0.003;983.449
392.998;73.682;-6.67;0.001;983.706
393.498;70.347;-6.67;0.001;983.963
393.998;67.015;-6.66;0.019;984.221
394.498;63.682;-6.671;-0.022;984.478
394.998;60.348;-6.663;0.017;984.735
395.498;57.015;-6.669;-0.013;984.993
395.998;53.684;-6.655;0.028;985.25
396.433;50.789;-6.663;-0.017;985.507
396.933;47.457;-6.666;-0.006;985.73
397.433;44.128;-6.653;0.025;985.988
397.933;40.797;-6.669;-0.031;986.245
398.433;37.465;-6.661;0.016;986.502
398.933;34.135;-6.658;0.006;986.759
399.433;30.805;-6.663;-0.01;987.016
399.933;27.475;-6.659;0.007;987.273
400.433;24.144;-6.661;-0.003;987.53
400.933;20.815;-6.657;0.007;987.787
401.433;17.486;-6.66;-0.006;988.044
401.933;14.156;-6.658;0.005;988.301
402.433;10.827;-6.657;0.001;988.558
402.933;7.499;-6.657;0.001;988.815
403.433;4.171;-6.653;0.008;989.072
403.933;0.844;-6.656;-0.007;989.329
404.06;0;-6.656;0.004;989.585
